{"cameraMode":{"drawMode":0,"name":"Shaded","section":"Shading Mode"},"sceneLighting":true,"audioPlay":false,"sceneViewState":{"showFog":true,"showMaterialUpdate":false,"showSkybox":true,"showFlares":true,"showImageEffects":true,"showParticleSystems":true},"in2DMode":false,"pivot":{"x":107.94112396240235,"y":-18.624309539794923,"z":61.98461151123047},"rotation":{"x":-0.19242770969867707,"y":0.04205704107880592,"z":-0.008271840400993824,"w":-0.9804112315177918},"size":86.05968475341797,"orthographic":false}