{"cameraMode":{"drawMode":0,"name":"Shaded","section":"Shading Mode"},"sceneLighting":true,"audioPlay":false,"sceneViewState":{"showFog":false,"showMaterialUpdate":false,"showSkybox":true,"showFlares":true,"showImageEffects":true,"showParticleSystems":true},"in2DMode":false,"pivot":{"x":-17.178739547729493,"y":-8.805961608886719,"z":-1.4344295263290406},"rotation":{"x":-0.19122210144996644,"y":0.7070167660713196,"z":-0.20848706364631654,"w":-0.6481836438179016},"size":10.181662559509278,"orthographic":false}