{"cameraMode":{"drawMode":0,"name":"Shaded","section":"Shading Mode"},"sceneLighting":true,"audioPlay":false,"sceneViewState":{"showFog":false,"showMaterialUpdate":true,"showSkybox":true,"showFlares":true,"showImageEffects":true,"showParticleSystems":true},"in2DMode":false,"pivot":{"x":743.34130859375,"y":-27.96661376953125,"z":206.15478515625},"rotation":{"x":-0.05533120781183243,"y":-0.6216117143630981,"z":0.0440969355404377,"w":-0.7801927328109741},"size":1312.0382080078125,"orthographic":false}