{"cameraMode":{"drawMode":0,"name":"Shaded","section":"Shading Mode"},"sceneLighting":true,"audioPlay":false,"sceneViewState":{"showFog":false,"showMaterialUpdate":false,"showSkybox":true,"showFlares":true,"showImageEffects":true,"showParticleSystems":true},"in2DMode":false,"pivot":{"x":-16.55387306213379,"y":-8.284661293029786,"z":-0.729773998260498},"rotation":{"x":0.1945951133966446,"y":-0.6904684901237488,"z":0.20135630667209626,"w":0.6669943928718567},"size":9.452366828918457,"orthographic":false}