{"cameraMode":{"drawMode":0,"name":"Shaded","section":"Shading Mode"},"sceneLighting":true,"audioPlay":false,"sceneViewState":{"showFog":false,"showMaterialUpdate":false,"showSkybox":true,"showFlares":true,"showImageEffects":true,"showParticleSystems":true},"in2DMode":false,"pivot":{"x":-0.8917170763015747,"y":1.2098476886749268,"z":-0.3273639380931854},"rotation":{"x":0.16161367297172547,"y":-0.6483460068702698,"z":0.14345252513885499,"w":0.7300621867179871},"size":1.1815457344055176,"orthographic":false}