{"cameraMode":{"drawMode":0,"name":"Shaded","section":"Shading Mode"},"sceneLighting":true,"audioPlay":false,"sceneViewState":{"showFog":false,"showMaterialUpdate":false,"showSkybox":true,"showFlares":true,"showImageEffects":true,"showParticleSystems":true},"in2DMode":false,"pivot":{"x":-4.92850923538208,"y":0.38370466232299807,"z":-0.44456878304481509},"rotation":{"x":-0.11206973344087601,"y":0.7278910279273987,"z":-0.12251590937376023,"w":-0.6653234362602234},"size":2.4041411876678469,"orthographic":false}