{"cameraMode":{"drawMode":0,"name":"Shaded","section":"Shading Mode"},"sceneLighting":true,"audioPlay":false,"sceneViewState":{"showFog":false,"showMaterialUpdate":false,"showSkybox":true,"showFlares":true,"showImageEffects":true,"showParticleSystems":true},"in2DMode":false,"pivot":{"x":43.4465446472168,"y":-76.87169647216797,"z":-10.25091552734375},"rotation":{"x":0.1729830652475357,"y":0.8000428080558777,"z":-0.27433067560195925,"w":0.5047631859779358},"size":587.5258178710938,"orthographic":false}