{"cameraMode":{"drawMode":0,"name":"Shaded","section":"Shading Mode"},"sceneLighting":false,"audioPlay":false,"sceneViewState":{"showFog":false,"showMaterialUpdate":false,"showSkybox":false,"showFlares":true,"showImageEffects":true,"showParticleSystems":true},"in2DMode":false,"pivot":{"x":-1.2120000123977662,"y":1.468999981880188,"z":-0.11599999666213989},"rotation":{"x":-0.11206973344087601,"y":0.7278910279273987,"z":-0.12251590937376023,"w":-0.6653234362602234},"size":10.0,"orthographic":false}