{"cameraMode":{"drawMode":0,"name":"Shaded","section":"Shading Mode"},"sceneLighting":true,"audioPlay":false,"sceneViewState":{"showFog":true,"showMaterialUpdate":false,"showSkybox":true,"showFlares":true,"showImageEffects":true,"showParticleSystems":true},"in2DMode":false,"pivot":{"x":248.91668701171876,"y":122.87554931640625,"z":390.400390625},"rotation":{"x":-0.05796167999505997,"y":0.9414645433425903,"z":-0.21727170050144196,"w":-0.25115466117858889},"size":538.0119018554688,"orthographic":false}