{"cameraMode":{"drawMode":0,"name":"Shaded","section":"Shading Mode"},"sceneLighting":true,"audioPlay":false,"sceneViewState":{"showFog":true,"showMaterialUpdate":false,"showSkybox":true,"showFlares":true,"showImageEffects":true,"showParticleSystems":true},"in2DMode":false,"pivot":{"x":-329.71502685546877,"y":-2379.59033203125,"z":2187.424560546875},"rotation":{"x":-0.3673679530620575,"y":0.12558385729789735,"z":-0.05005747452378273,"w":-0.9202550649642944},"size":2733.319091796875,"orthographic":false}