{"cameraMode":{"drawMode":0,"name":"Shaded","section":"Shading Mode"},"sceneLighting":true,"audioPlay":false,"sceneViewState":{"showFog":true,"showMaterialUpdate":false,"showSkybox":true,"showFlares":true,"showImageEffects":true,"showParticleSystems":true},"in2DMode":false,"pivot":{"x":-28.6285400390625,"y":-443.5274658203125,"z":-181.1993408203125},"rotation":{"x":-0.030914589762687684,"y":-0.944717526435852,"z":0.3128773272037506,"w":-0.09357838332653046},"size":1034.4783935546875,"orthographic":false}