{"cameraMode":{"drawMode":0,"name":"Shaded","section":"Shading Mode"},"sceneLighting":true,"audioPlay":false,"sceneViewState":{"showFog":true,"showMaterialUpdate":false,"showSkybox":true,"showFlares":true,"showImageEffects":true,"showParticleSystems":true},"in2DMode":false,"pivot":{"x":790.06982421875,"y":-215.68295288085938,"z":43.46962356567383},"rotation":{"x":-0.1134161725640297,"y":-0.6831401586532593,"z":0.10880286246538162,"w":-0.7132720351219177},"size":459.9921569824219,"orthographic":false}