{"cameraMode":{"drawMode":0,"name":"Shaded","section":"Shading Mode"},"sceneLighting":false,"audioPlay":false,"sceneViewState":{"showFog":true,"showMaterialUpdate":false,"showSkybox":false,"showFlares":true,"showImageEffects":true,"showParticleSystems":true},"in2DMode":false,"pivot":{"x":-0.0359196811914444,"y":0.0745832771062851,"z":-0.15509797632694245},"rotation":{"x":0.2069038599729538,"y":0.4071197211742401,"z":-0.09531009197235108,"w":0.8845545649528503},"size":0.13720422983169557,"orthographic":false}