{"cameraMode":{"drawMode":0,"name":"Shaded","section":"Shading Mode"},"sceneLighting":true,"audioPlay":false,"sceneViewState":{"showFog":true,"showMaterialUpdate":false,"showSkybox":true,"showFlares":true,"showImageEffects":true,"showParticleSystems":true},"in2DMode":false,"pivot":{"x":-5753.546875,"y":-4255.7958984375,"z":4646.93310546875},"rotation":{"x":-0.22838132083415986,"y":0.4238947927951813,"z":-0.11119572073221207,"w":-0.869439423084259},"size":5255.3623046875,"orthographic":false}